<?xml version="1.0" encoding="UTF-8" standalone="yes"?>
<addon id="plugin.video.brazzers" name="Brazzers" version="1.0.4" provider-name="Anonymous">
  <requires>
    <import addon="xbmc.python" version="2.1.0"/>
  </requires>
  <extension point="xbmc.python.pluginsource" library="addon.py">
    <provides>video</provides>
  </extension>
  <extension point="xbmc.addon.metadata">
    <language>en</language>
    <platform>all</platform>
    <summary lang="en">Brazzers</summary>
    <description lang="en">Adults only! You may only view the contents of this addon if you are at least 18 years of age, or at least the age of majority in the jurisdiction where you reside or from which you access this content.</description>
    <disclaimer>The owners and submitters to this addon do not host or distribute any of the content displayed nor do they have any affiliation with the content providers.</disclaimer>
	<platform>all</platform>
  </extension>
</addon>
