<?xml version="1.0" encoding="UTF-8" standalone="yes"?>
<addon id="repository.anonymous.xbmc" name="anonymous repo" version="1.0.1" provider-name="Anonymous">
	<extension point="xbmc.addon.repository" name="Anonymous">
		<info compressed="false">http://anonymous-repo.googlecode.com/svn/trunk/anonymous-repo/addons.xml</info>
		<checksum>http://anonymous-repo.googlecode.com/svn/trunk/anonymous-repo/addons.xml.md5</checksum>
		<datadir zip="false">http://anonymous-repo.googlecode.com/svn/trunk/anonymous-repo/</datadir>
	</extension>
	<extension point="xbmc.addon.metadata">
		<summary>My XBMC addons</summary>
		<description>My XBMC addons</description>
		<platform>all</platform>
	</extension>
</addon>

